,username,errorType
5003,P10,Recognition
5021,P10,Recognition
5441,P10,Recognition
5444,P10,Recognition
5445,P10,Recognition
5448,P10,Recognition
5456,P10,Recognition
5457,P10,Recognition
5458,P10,Recognition
5475,P10,Recognition
5493,P10,Recognition
5494,P10,Recognition
5498,P10,Recognition
5509,P10,Recognition
5510,P10,Recognition
5524,P10,Recognition
5526,P10,Recognition
5528,P10,Recognition
5532,P10,Recognition
5533,P10,Recognition
5535,P10,Recognition
5544,P10,Recognition
5548,P10,Recognition
5549,P10,Recognition
5559,P10,Recognition
5569,P10,Recognition
5572,P10,Recognition
6057,P10,Recognition
6066,P10,Recognition
6115,P10,Recognition
6148,P10,Recognition
6165,P10,Recognition
6649,P10,Recognition
6650,P10,Recognition
6651,P10,Recognition
6652,P10,Recognition
6653,P10,Recognition
6654,P10,Recognition
6655,P10,Recognition
6656,P10,Recognition
6657,P10,Recognition
6659,P10,Recognition
6660,P10,Recognition
6661,P10,Recognition
6664,P10,Recognition
6665,P10,Recognition
6666,P10,Recognition
6667,P10,Recognition
6668,P10,Recognition
6669,P10,Recognition
6670,P10,Recognition
6671,P10,Recognition
6672,P10,Recognition
6673,P10,Recognition
6674,P10,Recognition
6675,P10,Recognition
6676,P10,Recognition
6677,P10,Recognition
6749,P10,Recognition
6752,P10,Recognition
6834,P10,Recognition
6837,P10,Recognition
6840,P10,Recognition
6845,P10,Recognition
7192,P10,Recognition
7407,P10,Recognition
7409,P10,Recognition
8250,P10,Recognition
8511,P10,Recognition
8615,P10,Recognition
8616,P10,Recognition
8617,P10,Recognition
8618,P10,Recognition
8619,P10,Recognition
8620,P10,Recognition
8621,P10,Recognition
8626,P10,Recognition
8627,P10,Recognition
8630,P10,Recognition
8631,P10,Recognition
8633,P10,Recognition
8634,P10,Recognition
8635,P10,Recognition
8639,P10,Recognition
8643,P10,Recognition
8644,P10,Recognition
8650,P10,Recognition
8699,P10,Recognition
8701,P10,Recognition
8702,P10,Recognition
8703,P10,Recognition
8704,P10,Recognition
8705,P10,Recognition
8706,P10,Recognition
8707,P10,Recognition
8708,P10,Recognition
8709,P10,Recognition
8710,P10,Recognition
8711,P10,Recognition
8811,P10,Recognition
8876,P10,Recognition
9631,P10,Recognition
9632,P10,Recognition
9634,P10,Recognition
9635,P10,Recognition
9636,P10,Recognition
9637,P10,Recognition
9638,P10,Recognition
9639,P10,Recognition
9640,P10,Recognition
9641,P10,Recognition
9642,P10,Recognition
9643,P10,Recognition
9644,P10,Recognition
9645,P10,Recognition
9650,P10,Recognition
9659,P10,Recognition
9660,P10,Recognition
9661,P10,Recognition
9662,P10,Recognition
9663,P10,Recognition
9664,P10,Recognition
9665,P10,Recognition
9666,P10,Recognition
9667,P10,Recognition
9668,P10,Recognition
9669,P10,Recognition
9670,P10,Recognition
9698,P10,Recognition
9699,P10,Recognition
9702,P10,Recognition
9704,P10,Recognition
9707,P10,Recognition
9708,P10,Recognition
9709,P10,Recognition
9710,P10,Recognition
9711,P10,Recognition
9712,P10,Recognition
9713,P10,Recognition
9714,P10,Recognition
9715,P10,Recognition
9716,P10,Recognition
9717,P10,Recognition
9718,P10,Recognition
9720,P10,Recognition
9788,P10,Recognition
9790,P10,Recognition
9795,P10,Recognition
9797,P10,Recognition
9798,P10,Recognition
9799,P10,Recognition
9800,P10,Recognition
9833,P10,Recognition
9834,P10,Recognition
9835,P10,Recognition
9836,P10,Recognition
9837,P10,Recognition
9838,P10,Recognition
9841,P10,Recognition
9842,P10,Recognition
9843,P10,Recognition
10117,P10,Recognition
10120,P10,Recognition
10127,P10,Recognition
10128,P10,Recognition
10151,P10,Recognition
10368,P10,Recognition
10371,P10,Recognition
10867,P10,Recognition
10951,P10,Recognition
10952,P10,Recognition
10996,P10,Recognition
11000,P10,Recognition
11001,P10,Recognition
11005,P10,Recognition
11006,P10,Recognition
11007,P10,Recognition
11008,P10,Recognition
11009,P10,Recognition
11010,P10,Recognition
11011,P10,Recognition
11012,P10,Recognition
11013,P10,Recognition
11014,P10,Recognition
11015,P10,Recognition
11016,P10,Recognition
11017,P10,Recognition
11018,P10,Recognition
11019,P10,Recognition
11020,P10,Recognition
11022,P10,Recognition
11023,P10,Recognition
11024,P10,Recognition
11025,P10,Recognition
11026,P10,Recognition
11027,P10,Recognition
11028,P10,Recognition
11029,P10,Recognition
11033,P10,Recognition
11034,P10,Recognition
11035,P10,Recognition
11036,P10,Recognition
11038,P10,Recognition
11039,P10,Recognition
11040,P10,Recognition
11041,P10,Recognition
11042,P10,Recognition
11044,P10,Recognition
11045,P10,Recognition
11046,P10,Recognition
11047,P10,Recognition
11048,P10,Recognition
11084,P10,Recognition
11085,P10,Recognition
11086,P10,Recognition
11087,P10,Recognition
11088,P10,Recognition
11089,P10,Recognition
11090,P10,Recognition
11091,P10,Recognition
11094,P10,Recognition
11099,P10,Recognition
11100,P10,Recognition
11101,P10,Recognition
11102,P10,Recognition
11103,P10,Recognition
11104,P10,Recognition
11105,P10,Recognition
11106,P10,Recognition
11108,P10,Recognition
11109,P10,Recognition
11110,P10,Recognition
11111,P10,Recognition
11112,P10,Recognition
11113,P10,Recognition
11114,P10,Recognition
11115,P10,Recognition
11119,P10,Recognition
11121,P10,Recognition
11124,P10,Recognition
11125,P10,Recognition
11126,P10,Recognition
11127,P10,Recognition
11128,P10,Recognition
11129,P10,Recognition
11132,P10,Recognition
11134,P10,Recognition
11137,P10,Recognition
11138,P10,Recognition
11139,P10,Recognition
11140,P10,Recognition
11141,P10,Recognition
11142,P10,Recognition
11143,P10,Recognition
11144,P10,Recognition
11145,P10,Recognition
11146,P10,Recognition
11147,P10,Recognition
11148,P10,Recognition
11151,P10,Recognition
11152,P10,Recognition
11153,P10,Recognition
11154,P10,Recognition
11155,P10,Recognition
11156,P10,Recognition
11157,P10,Recognition
11158,P10,Recognition
11159,P10,Recognition
11160,P10,Recognition
11161,P10,Recognition
11162,P10,Recognition
11163,P10,Recognition
11164,P10,Recognition
11165,P10,Recognition
11166,P10,Recognition
11167,P10,Recognition
11171,P10,Recognition
11172,P10,Recognition
11174,P10,Recognition
11175,P10,Recognition
11176,P10,Recognition
11177,P10,Recognition
11178,P10,Recognition
11179,P10,Recognition
11180,P10,Recognition
11181,P10,Recognition
11182,P10,Recognition
11183,P10,Recognition
11184,P10,Recognition
11185,P10,Recognition
11186,P10,Recognition
11187,P10,Recognition
11188,P10,Recognition
11189,P10,Recognition
11190,P10,Recognition
11191,P10,Recognition
11192,P10,Recognition
11194,P10,Recognition
11195,P10,Recognition
11200,P10,Recognition
11202,P10,Recognition
11203,P10,Recognition
11204,P10,Recognition
11205,P10,Recognition
11211,P10,Recognition
11212,P10,Recognition
11213,P10,Recognition
11214,P10,Recognition
11235,P10,Recognition
11253,P10,Recognition
11254,P10,Recognition
11255,P10,Recognition
11256,P10,Recognition
11257,P10,Recognition
11258,P10,Recognition
11259,P10,Recognition
11260,P10,Recognition
11261,P10,Recognition
11262,P10,Recognition
11263,P10,Recognition
11265,P10,Recognition
11267,P10,Recognition
11268,P10,Recognition
11269,P10,Recognition
11274,P10,Recognition
11275,P10,Recognition
11276,P10,Recognition
11287,P10,Recognition
11289,P10,Recognition
11290,P10,Recognition
11291,P10,Recognition
11292,P10,Recognition
11293,P10,Recognition
11294,P10,Recognition
11367,P10,Recognition
11408,P10,Recognition
11588,P10,Recognition
11631,P10,Recognition
11639,P10,Recognition
11680,P10,Recognition
11972,P10,Recognition
11973,P10,Recognition
11977,P10,Recognition
11981,P10,Recognition
11982,P10,Recognition
11989,P10,Recognition
12004,P10,Recognition
12954,P10,Recognition
12955,P10,Recognition
12968,P10,Recognition
12969,P10,Recognition
13021,P10,Recognition
13026,P10,Recognition
13054,P10,Recognition
13539,P10,Recognition
13541,P10,Recognition
13542,P10,Recognition
13543,P10,Recognition
13544,P10,Recognition
13545,P10,Recognition
13546,P10,Recognition
13547,P10,Recognition
13592,P10,Recognition
13593,P10,Recognition
13594,P10,Recognition
13596,P10,Recognition
13597,P10,Recognition
13598,P10,Recognition
13599,P10,Recognition
13600,P10,Recognition
13601,P10,Recognition
13602,P10,Recognition
13603,P10,Recognition
13604,P10,Recognition
13605,P10,Recognition
13606,P10,Recognition
13607,P10,Recognition
13608,P10,Recognition
13609,P10,Recognition
13622,P10,Recognition
13623,P10,Recognition
13626,P10,Recognition
13650,P10,Recognition
13658,P10,Recognition
13659,P10,Recognition
13660,P10,Recognition
13666,P10,Recognition
13667,P10,Recognition
13669,P10,Recognition
13670,P10,Recognition
13671,P10,Recognition
13672,P10,Recognition
13673,P10,Recognition
13674,P10,Recognition
13675,P10,Recognition
13676,P10,Recognition
13677,P10,Recognition
13678,P10,Recognition
13679,P10,Recognition
13680,P10,Recognition
13681,P10,Recognition
13682,P10,Recognition
13749,P10,Recognition
13750,P10,Recognition
13751,P10,Recognition
13752,P10,Recognition
13753,P10,Recognition
13754,P10,Recognition
13755,P10,Recognition
13756,P10,Recognition
13757,P10,Recognition
13758,P10,Recognition
13759,P10,Recognition
13760,P10,Recognition
13761,P10,Recognition
13762,P10,Recognition
13764,P10,Recognition
13765,P10,Recognition
13766,P10,Recognition
13767,P10,Recognition
13768,P10,Recognition
13769,P10,Recognition
13770,P10,Recognition
13771,P10,Recognition
13772,P10,Recognition
13773,P10,Recognition
13774,P10,Recognition
13775,P10,Recognition
13778,P10,Recognition
13779,P10,Recognition
13780,P10,Recognition
13795,P10,Recognition
13796,P10,Recognition
13797,P10,Recognition
13805,P10,Recognition
13806,P10,Recognition
13807,P10,Recognition
13812,P10,Recognition
13813,P10,Recognition
13816,P10,Recognition
13817,P10,Recognition
13818,P10,Recognition
14139,P10,Recognition
14148,P10,Recognition
14271,P10,Recognition
14637,P10,Recognition
16170,P10,Recognition
16196,P10,Recognition
16197,P10,Recognition
16198,P10,Recognition
16199,P10,Recognition
16200,P10,Recognition
16201,P10,Recognition
16202,P10,Recognition
16203,P10,Recognition
16204,P10,Recognition
16205,P10,Recognition
16206,P10,Recognition
16207,P10,Recognition
16208,P10,Recognition
16209,P10,Recognition
16210,P10,Recognition
16211,P10,Recognition
16212,P10,Recognition
16213,P10,Recognition
16214,P10,Recognition
16215,P10,Recognition
16216,P10,Recognition
16217,P10,Recognition
16218,P10,Recognition
16220,P10,Recognition
16221,P10,Recognition
16222,P10,Recognition
16223,P10,Recognition
16224,P10,Recognition
16225,P10,Recognition
16226,P10,Recognition
16227,P10,Recognition
16229,P10,Recognition
16230,P10,Recognition
16231,P10,Recognition
16232,P10,Recognition
16233,P10,Recognition
16234,P10,Recognition
16235,P10,Recognition
16236,P10,Recognition
16237,P10,Recognition
16242,P10,Recognition
16262,P10,Recognition
16267,P10,Recognition
16276,P10,Recognition
16277,P10,Recognition
16280,P10,Recognition
16281,P10,Recognition
16282,P10,Recognition
16283,P10,Recognition
16284,P10,Recognition
16285,P10,Recognition
16287,P10,Recognition
16289,P10,Recognition
16290,P10,Recognition
16291,P10,Recognition
16292,P10,Recognition
16293,P10,Recognition
16294,P10,Recognition
16295,P10,Recognition
16296,P10,Recognition
16297,P10,Recognition
16298,P10,Recognition
16299,P10,Recognition
16300,P10,Recognition
16302,P10,Recognition
16309,P10,Recognition
16310,P10,Recognition
16313,P10,Recognition
16315,P10,Recognition
16349,P10,Recognition
16356,P10,Recognition
16358,P10,Recognition
16359,P10,Recognition
16360,P10,Recognition
16361,P10,Recognition
16364,P10,Recognition
16365,P10,Recognition
16366,P10,Recognition
16367,P10,Recognition
16368,P10,Recognition
16369,P10,Recognition
16370,P10,Recognition
16371,P10,Recognition
16372,P10,Recognition
16373,P10,Recognition
16374,P10,Recognition
16375,P10,Recognition
16378,P10,Recognition
16379,P10,Recognition
16380,P10,Recognition
16381,P10,Recognition
16382,P10,Recognition
16383,P10,Recognition
16385,P10,Recognition
16388,P10,Recognition
16391,P10,Recognition
16612,P10,Recognition
16614,P10,Recognition
16615,P10,Recognition
16616,P10,Recognition
16617,P10,Recognition
16618,P10,Recognition
16620,P10,Recognition
16621,P10,Recognition
16622,P10,Recognition
16623,P10,Recognition
16624,P10,Recognition
16625,P10,Recognition
16626,P10,Recognition
16627,P10,Recognition
16628,P10,Recognition
16629,P10,Recognition
16630,P10,Recognition
16631,P10,Recognition
16632,P10,Recognition
16635,P10,Recognition
16636,P10,Recognition
16637,P10,Recognition
16638,P10,Recognition
16639,P10,Recognition
16640,P10,Recognition
16641,P10,Recognition
16642,P10,Recognition
16643,P10,Recognition
16644,P10,Recognition
16645,P10,Recognition
16646,P10,Recognition
16647,P10,Recognition
16648,P10,Recognition
16649,P10,Recognition
16650,P10,Recognition
16651,P10,Recognition
16652,P10,Recognition
16653,P10,Recognition
16654,P10,Recognition
16655,P10,Recognition
16656,P10,Recognition
16657,P10,Recognition
16658,P10,Recognition
16659,P10,Recognition
16660,P10,Recognition
16661,P10,Recognition
16662,P10,Recognition
16668,P10,Recognition
16677,P10,Recognition
16699,P10,Recognition
16700,P10,Recognition
16701,P10,Recognition
16702,P10,Recognition
16703,P10,Recognition
16704,P10,Recognition
16705,P10,Recognition
16721,P10,Recognition
16722,P10,Recognition
16723,P10,Recognition
16724,P10,Recognition
16725,P10,Recognition
16726,P10,Recognition
16727,P10,Recognition
16728,P10,Recognition
16729,P10,Recognition
16730,P10,Recognition
16731,P10,Recognition
16732,P10,Recognition
16733,P10,Recognition
16734,P10,Recognition
16735,P10,Recognition
16736,P10,Recognition
16739,P10,Recognition
16745,P10,Recognition
16746,P10,Recognition
16890,P10,Recognition
16893,P10,Recognition
17508,P10,Recognition
17518,P10,Recognition
17519,P10,Recognition
17521,P10,Recognition
17524,P10,Recognition
17985,P10,Recognition
17986,P10,Recognition
17987,P10,Recognition
17989,P10,Recognition
17990,P10,Recognition
17991,P10,Recognition
17992,P10,Recognition
17993,P10,Recognition
17994,P10,Recognition
17996,P10,Recognition
17997,P10,Recognition
17998,P10,Recognition
17999,P10,Recognition
18000,P10,Recognition
18001,P10,Recognition
18002,P10,Recognition
18003,P10,Recognition
18004,P10,Recognition
18005,P10,Recognition
18006,P10,Recognition
18007,P10,Recognition
18009,P10,Recognition
18010,P10,Recognition
18011,P10,Recognition
18015,P10,Recognition
18020,P10,Recognition
18021,P10,Recognition
18022,P10,Recognition
18023,P10,Recognition
18024,P10,Recognition
18025,P10,Recognition
18026,P10,Recognition
18027,P10,Recognition
18029,P10,Recognition
18031,P10,Recognition
18032,P10,Recognition
18045,P10,Recognition
18046,P10,Recognition
28031,P2,Recognition
28032,P2,Recognition
28034,P2,Recognition
28036,P2,Recognition
28037,P2,Recognition
28038,P2,Recognition
28453,P2,Recognition
28490,P2,Recognition
28578,P2,Recognition
28579,P2,Recognition
28580,P2,Recognition
28582,P2,Recognition
28682,P2,Recognition
28690,P2,Recognition
28930,P2,Recognition
28931,P2,Recognition
28932,P2,Recognition
28933,P2,Recognition
28934,P2,Recognition
28935,P2,Recognition
28937,P2,Recognition
28938,P2,Recognition
28939,P2,Recognition
28940,P2,Recognition
28941,P2,Recognition
28942,P2,Recognition
28943,P2,Recognition
28944,P2,Recognition
28945,P2,Recognition
28946,P2,Recognition
28947,P2,Recognition
28963,P2,Recognition
28973,P2,Recognition
29029,P2,Recognition
29708,P2,Recognition
29742,P2,Recognition
29743,P2,Recognition
29744,P2,Recognition
29745,P2,Recognition
29746,P2,Recognition
29747,P2,Recognition
29754,P2,Recognition
29755,P2,Recognition
29756,P2,Recognition
29757,P2,Recognition
29758,P2,Recognition
29759,P2,Recognition
29760,P2,Recognition
29761,P2,Recognition
29763,P2,Recognition
29764,P2,Recognition
29765,P2,Recognition
29766,P2,Recognition
29767,P2,Recognition
29768,P2,Recognition
29769,P2,Recognition
29770,P2,Recognition
29771,P2,Recognition
29772,P2,Recognition
29773,P2,Recognition
29774,P2,Recognition
29777,P2,Recognition
29778,P2,Recognition
29779,P2,Recognition
29781,P2,Recognition
29782,P2,Recognition
29783,P2,Recognition
29784,P2,Recognition
29797,P2,Recognition
29799,P2,Recognition
29801,P2,Recognition
29806,P2,Recognition
30420,P2,Recognition
30422,P2,Recognition
30528,P2,Recognition
30534,P2,Recognition
30664,P2,Recognition
30684,P2,Recognition
30685,P2,Recognition
30686,P2,Recognition
30687,P2,Recognition
30688,P2,Recognition
30689,P2,Recognition
30708,P2,Recognition
30746,P2,Recognition
30751,P2,Recognition
30752,P2,Recognition
30753,P2,Recognition
30754,P2,Recognition
30755,P2,Recognition
30756,P2,Recognition
30757,P2,Recognition
30758,P2,Recognition
30759,P2,Recognition
30760,P2,Recognition
30761,P2,Recognition
30762,P2,Recognition
30763,P2,Recognition
30764,P2,Recognition
30765,P2,Recognition
30766,P2,Recognition
30767,P2,Recognition
30768,P2,Recognition
30770,P2,Recognition
30771,P2,Recognition
30772,P2,Recognition
30773,P2,Recognition
30774,P2,Recognition
30775,P2,Recognition
30776,P2,Recognition
30777,P2,Recognition
30872,P2,Recognition
31521,P2,Recognition
31522,P2,Recognition
31525,P2,Recognition
31530,P2,Recognition
31534,P2,Recognition
31552,P2,Recognition
31553,P2,Recognition
31554,P2,Recognition
31555,P2,Recognition
31556,P2,Recognition
31557,P2,Recognition
31573,P2,Recognition
31574,P2,Recognition
31575,P2,Recognition
31576,P2,Recognition
31683,P2,Recognition
31747,P2,Recognition
32161,P2,Recognition
32861,P2,Recognition
33283,P2,Recognition
33285,P2,Recognition
33286,P2,Recognition
33287,P2,Recognition
33295,P2,Recognition
33296,P2,Recognition
33298,P2,Recognition
33299,P2,Recognition
33300,P2,Recognition
33301,P2,Recognition
33302,P2,Recognition
33303,P2,Recognition
33304,P2,Recognition
33305,P2,Recognition
33340,P2,Recognition
33341,P2,Recognition
33392,P2,Recognition
33519,P2,Recognition
33520,P2,Recognition
33542,P2,Recognition
33632,P2,Recognition
33635,P2,Recognition
33638,P2,Recognition
33639,P2,Recognition
33640,P2,Recognition
33641,P2,Recognition
33642,P2,Recognition
33645,P2,Recognition
33646,P2,Recognition
33648,P2,Recognition
33650,P2,Recognition
33651,P2,Recognition
33652,P2,Recognition
33655,P2,Recognition
33656,P2,Recognition
33657,P2,Recognition
33658,P2,Recognition
33659,P2,Recognition
33660,P2,Recognition
33661,P2,Recognition
33662,P2,Recognition
33663,P2,Recognition
33669,P2,Recognition
33670,P2,Recognition
33672,P2,Recognition
33674,P2,Recognition
33676,P2,Recognition
34008,P2,Recognition
34097,P2,Recognition
34098,P2,Recognition
34099,P2,Recognition
34141,P2,Recognition
34675,P2,Recognition
34703,P2,Recognition
34704,P2,Recognition
34705,P2,Recognition
34706,P2,Recognition
34707,P2,Recognition
34708,P2,Recognition
34709,P2,Recognition
35207,P2,Recognition
35212,P2,Recognition
35214,P2,Recognition
35215,P2,Recognition
35219,P2,Recognition
35220,P2,Recognition
35221,P2,Recognition
35222,P2,Recognition
35223,P2,Recognition
35224,P2,Recognition
35225,P2,Recognition
35226,P2,Recognition
35227,P2,Recognition
35232,P2,Recognition
35239,P2,Recognition
35240,P2,Recognition
35243,P2,Recognition
35245,P2,Recognition
35246,P2,Recognition
35247,P2,Recognition
35735,P2,Recognition
35736,P2,Recognition
56558,P5,Recognition
56567,P5,Recognition
56813,P5,Recognition
56814,P5,Recognition
56843,P5,Recognition
56846,P5,Recognition
56847,P5,Recognition
56848,P5,Recognition
56849,P5,Recognition
56865,P5,Recognition
57360,P5,Recognition
57382,P5,Recognition
57383,P5,Recognition
57528,P5,Recognition
57552,P5,Recognition
57565,P5,Recognition
57569,P5,Recognition
57600,P5,Recognition
57815,P5,Recognition
58242,P5,Recognition
58243,P5,Recognition
58244,P5,Recognition
58249,P5,Recognition
58261,P5,Recognition
58263,P5,Recognition
58273,P5,Recognition
58274,P5,Recognition
58282,P5,Recognition
58294,P5,Recognition
58296,P5,Recognition
58297,P5,Recognition
58298,P5,Recognition
58299,P5,Recognition
58300,P5,Recognition
58302,P5,Recognition
58303,P5,Recognition
58304,P5,Recognition
58308,P5,Recognition
58325,P5,Recognition
58335,P5,Recognition
58393,P5,Recognition
58608,P5,Recognition
58620,P5,Recognition
58621,P5,Recognition
58629,P5,Recognition
58640,P5,Recognition
58790,P5,Recognition
58799,P5,Recognition
58801,P5,Recognition
58855,P5,Recognition
58857,P5,Recognition
58858,P5,Recognition
58859,P5,Recognition
59462,P5,Recognition
60344,P5,Recognition
60345,P5,Recognition
60346,P5,Recognition
60347,P5,Recognition
60348,P5,Recognition
60349,P5,Recognition
60350,P5,Recognition
60351,P5,Recognition
60352,P5,Recognition
60353,P5,Recognition
60354,P5,Recognition
60355,P5,Recognition
60356,P5,Recognition
60358,P5,Recognition
60360,P5,Recognition
60367,P5,Recognition
60369,P5,Recognition
60370,P5,Recognition
60371,P5,Recognition
60373,P5,Recognition
60374,P5,Recognition
60375,P5,Recognition
60376,P5,Recognition
60384,P5,Recognition
60385,P5,Recognition
60386,P5,Recognition
60387,P5,Recognition
60428,P5,Recognition
60430,P5,Recognition
60431,P5,Recognition
60434,P5,Recognition
60437,P5,Recognition
60438,P5,Recognition
60439,P5,Recognition
60440,P5,Recognition
60441,P5,Recognition
60442,P5,Recognition
60443,P5,Recognition
60444,P5,Recognition
60449,P5,Recognition
60450,P5,Recognition
60451,P5,Recognition
60452,P5,Recognition
60453,P5,Recognition
60454,P5,Recognition
60455,P5,Recognition
60456,P5,Recognition
60457,P5,Recognition
60458,P5,Recognition
60459,P5,Recognition
60460,P5,Recognition
60474,P5,Recognition
60475,P5,Recognition
60476,P5,Recognition
60478,P5,Recognition
60479,P5,Recognition
60480,P5,Recognition
60481,P5,Recognition
60482,P5,Recognition
60483,P5,Recognition
60484,P5,Recognition
60485,P5,Recognition
60486,P5,Recognition
60488,P5,Recognition
60489,P5,Recognition
60490,P5,Recognition
60492,P5,Recognition
60493,P5,Recognition
60494,P5,Recognition
60548,P5,Recognition
60549,P5,Recognition
60552,P5,Recognition
60553,P5,Recognition
60554,P5,Recognition
60555,P5,Recognition
60556,P5,Recognition
60557,P5,Recognition
60559,P5,Recognition
60561,P5,Recognition
60563,P5,Recognition
60564,P5,Recognition
60566,P5,Recognition
60568,P5,Recognition
60570,P5,Recognition
60571,P5,Recognition
60572,P5,Recognition
60573,P5,Recognition
60574,P5,Recognition
60575,P5,Recognition
60579,P5,Recognition
60580,P5,Recognition
60581,P5,Recognition
60582,P5,Recognition
60583,P5,Recognition
60585,P5,Recognition
60587,P5,Recognition
60590,P5,Recognition
60593,P5,Recognition
60595,P5,Recognition
60596,P5,Recognition
60597,P5,Recognition
60598,P5,Recognition
60807,P5,Recognition
60810,P5,Recognition
60814,P5,Recognition
60817,P5,Recognition
60818,P5,Recognition
60944,P5,Recognition
60945,P5,Recognition
60946,P5,Recognition
60947,P5,Recognition
60948,P5,Recognition
60949,P5,Recognition
60950,P5,Recognition
60951,P5,Recognition
60952,P5,Recognition
60953,P5,Recognition
60954,P5,Recognition
60955,P5,Recognition
60956,P5,Recognition
60957,P5,Recognition
60958,P5,Recognition
60959,P5,Recognition
60961,P5,Recognition
61045,P5,Recognition
61046,P5,Recognition
61047,P5,Recognition
61048,P5,Recognition
61049,P5,Recognition
61051,P5,Recognition
61052,P5,Recognition
61166,P5,Recognition
61169,P5,Recognition
61171,P5,Recognition
61202,P5,Recognition
61205,P5,Recognition
61210,P5,Recognition
61211,P5,Recognition
61227,P5,Recognition
61230,P5,Recognition
61367,P5,Recognition
61383,P5,Recognition
61386,P5,Recognition
61391,P5,Recognition
61400,P5,Recognition
61427,P5,Recognition
61643,P5,Recognition
61646,P5,Recognition
61647,P5,Recognition
61652,P5,Recognition
61653,P5,Recognition
61654,P5,Recognition
61661,P5,Recognition
61662,P5,Recognition
61673,P5,Recognition
61675,P5,Recognition
61676,P5,Recognition
61677,P5,Recognition
61678,P5,Recognition
61679,P5,Recognition
61680,P5,Recognition
61681,P5,Recognition
61682,P5,Recognition
61683,P5,Recognition
61684,P5,Recognition
61685,P5,Recognition
61686,P5,Recognition
61687,P5,Recognition
61688,P5,Recognition
61689,P5,Recognition
61696,P5,Recognition
61697,P5,Recognition
61698,P5,Recognition
61699,P5,Recognition
61700,P5,Recognition
61701,P5,Recognition
61702,P5,Recognition
61716,P5,Recognition
61718,P5,Recognition
61719,P5,Recognition
61720,P5,Recognition
61721,P5,Recognition
61722,P5,Recognition
61724,P5,Recognition
61727,P5,Recognition
61728,P5,Recognition
61729,P5,Recognition
61730,P5,Recognition
61731,P5,Recognition
61732,P5,Recognition
61733,P5,Recognition
61734,P5,Recognition
61735,P5,Recognition
61736,P5,Recognition
61737,P5,Recognition
61738,P5,Recognition
61739,P5,Recognition
61740,P5,Recognition
61741,P5,Recognition
61742,P5,Recognition
61743,P5,Recognition
61747,P5,Recognition
61823,P5,Recognition
61839,P5,Recognition
61841,P5,Recognition
61854,P5,Recognition
61855,P5,Recognition
61856,P5,Recognition
61857,P5,Recognition
61859,P5,Recognition
61868,P5,Recognition
61869,P5,Recognition
61871,P5,Recognition
61874,P5,Recognition
61881,P5,Recognition
61882,P5,Recognition
61885,P5,Recognition
61889,P5,Recognition
61890,P5,Recognition
61910,P5,Recognition
61911,P5,Recognition
61912,P5,Recognition
61929,P5,Recognition
62261,P5,Recognition
62262,P5,Recognition
62263,P5,Recognition
62583,P5,Recognition
62584,P5,Recognition
62659,P5,Recognition
62663,P5,Recognition
